Sample #,Sampled At,Sampled From,Declared Common Name,Species Declared on the Label,State of Origin,Sample Assessment,Year,isMislabeled
2021FFI-0000008142-4,Imports - Importation,QC,"BASS, SEA",DICENTRARCHUS LABRAX,GREECE,ND-AD,2021,0
2021FFI-0000008142-5,Imports - Importation,ON,"BASS, SEA",DICENTRARCHUS LABRAX,TURKEY,ND-AD,2021,0
2021FFI-0000008142-6,Retail - Vente au détail,BC,BLUEFIN TUNA,Not Declared - Non déclarée,JAPAN,S,2021,0
2021FFI-0000008142-7,Domestic - Domestique,QC,"CHAR, ARCTIC",SALVELINUS ALPINUS,CANADA,S,2021,0
2021FFI-0000008142-8,Domestic - Domestique,NB,"CHAR, ARCTIC",SALVELINUS ALPINUS,CANADA,S,2021,0
2021FFI-0000008142-9,Retail - Vente au détail,ON,COD,Not Declared - Non déclarée,CANADA,S,2021,0
2021FFI-0000008142-10,Retail - Vente au détail,ON,COD,Not Declared - Non déclarée,CANADA,S,2021,0
2021FFI-0000008142-11,Domestic - Domestique,NS,COD,Not Declared - Non déclarée,CANADA,S,2021,0
2021FFI-0000008142-12,Domestic - Domestique,NS,COD,Not Declared - Non déclarée,CANADA,S,2021,0
2021FFI-0000008142-13,Retail - Vente au détail,NL,COD,Not Declared - Non déclarée,CANADA,S,2021,0
2021FFI-0000008142-14,Retail - Vente au détail,QC,COD,GADUS MORHUA,CANADA,S,2021,0
2021FFI-0000008142-15,Retail - Vente au détail,QC,COD,GADUS MORHUA,CANADA,S,2021,0
2021FFI-0000008142-16,Imports - Importation,NS,COD,Not Declared - Non déclarée,CHINA,S,2021,0
2021FFI-0000008142-17,Imports - Importation,NS,COD,Not Declared - Non déclarée,CHINA,S,2021,0
2021FFI-0000008142-18,Retail - Vente au détail,QC,COD,GADUS MORHUA,CHINA,S,2021,0
2021FFI-0000008142-19,Retail - Vente au détail,QC,COD,Not Declared - Non déclarée,ICELAND,S,2021,0
2021FFI-0000008142-20,Imports - Importation,NS,COD,Not Declared - Non déclarée,UNITED STATES,S,2021,0
2021FFI-0000008142-21,Retail - Vente au détail,QC,COD,GADIDAE,UNITED STATES,S,2021,0
2021FFI-0000008142-22,Domestic - Domestique,ON,"COD, ATLANTIC",GADUS MORHUA,CANADA,S,2021,0
2021FFI-0000008142-23,Imports - Importation,ON,"COD, ATLANTIC",GADUS MORHUA,CHINA,S,2021,0
2021FFI-0000008142-24,Imports - Importation,ON,"COD, ATLANTIC",GADUS MORHUA,CHINA,S,2021,0
2021FFI-0000008142-25,Imports - Importation,ON,"COD, ATLANTIC",GADUS MORHUA,CHINA,S,2021,0
2021FFI-0000008142-26,Imports - Importation,ON,"COD, ATLANTIC",GADUS MORHUA,CHINA,S,2021,0
2021FFI-0000008142-27,Retail - Vente au détail,ON,"COD, ATLANTIC",GADUS MORHUA,ICELAND,S,2021,0
2021FFI-0000008142-28,Imports - Importation,ON,"COD, ATLANTIC",GADUS MORHUA,ICELAND,S,2021,0
2021FFI-0000008142-29,Imports - Importation,QC,"COD, ATLANTIC",GADUS MORHUA,PORTUGAL,S,2021,0
2021FFI-0000008142-30,Imports - Importation,ON,"COD, ATLANTIC",GADUS MORHUA,PORTUGAL,S,2021,0
2021FFI-0000008142-31,Imports - Importation,ON,"COD, ATLANTIC",GADUS MORHUA,UNITED STATES,U-I,2021,1
2021FFI-0000008142-32,Retail - Vente au détail,ON,COD,Not Declared - Non déclarée,ICELAND,ND-AD,2021,0
2021FFI-0000008142-33,Domestic - Domestique,NS,"COD, PACIFIC",GADUS MACROCEPHALUS,CANADA,S,2021,0
2021FFI-0000008142-34,Retail - Vente au détail,QC,"COD, PACIFIC",GADUS MACROCEPHALUS,CANADA,S,2021,0
2021FFI-0000008142-35,Retail - Vente au détail,QC,"COD, PACIFIC",GADUS MACROCEPHALUS,CANADA,S,2021,0
2021FFI-0000008142-36,Retail - Vente au détail,BC,"COD, PACIFIC", GADUS MACROCEPHALUS,CANADA,S,2021,0
2021FFI-0000008142-37,Retail - Vente au détail,QC,"COD, PACIFIC",GADUS MACROCEPHALUS,CANADA,ND-AD,2021,0
2021FFI-0000008142-38,Imports - Importation,ON,"COD, PACIFIC",GADUS MACROCEPHALUS,CHINA,S,2021,0
2021FFI-0000008142-39,Imports - Importation,ON,"COD, PACIFIC",GADUS MACROCEPHALUS,CHINA,S,2021,0
2021FFI-0000008142-40,Imports - Importation,NS,"COD, PACIFIC",GADUS MACROCEPHALUS,CHINA,S,2021,0
2021FFI-0000008142-41,Imports - Importation,NS,"COD, PACIFIC",GADUS MACROCEPHALUS,CHINA,S,2021,0
2021FFI-0000008142-42,Imports - Importation,NS,"COD, PACIFIC",GADUS MACROCEPHALUS,CHINA,S,2021,0
2021FFI-0000008142-43,Retail - Vente au détail,PE,"COD, PACIFIC",Not Declared - Non déclarée,CHINA,S,2021,0
2021FFI-0000008142-44,Imports - Importation,ON,"COD, PACIFIC",GADUS MACROCEPHALUS,UNITED STATES,S,2021,0
2021FFI-0000008142-45,Imports - Importation,ON,"COD, PACIFIC",GADUS MACROCEPHALUS,UNITED STATES,S,2021,0
2021FFI-0000008142-46,Retail - Vente au détail,QC,"COD, PACIFIC",GADUS MACROCEPHALUS,UNITED STATES,S,2021,0
2021FFI-0000008142-47,Retail - Vente au détail,QC,"COD, PACIFIC",GADUS MACROCEPHALUS,UNITED STATES,ND-AD,2021,0
2021FFI-0000008142-48,Retail - Vente au détail,QC,"COD, PACIFIC",GADUS MACROCEPHALUS,UNITED STATES,S,2021,0
2021FFI-0000008142-49,Retail - Vente au détail,BC,DOVER SOLE,Not Declared - Non déclarée,CANADA,S,2021,0
2021FFI-0000008142-50,Retail - Vente au détail,AB,ESCOLAR,Not Declared - Non déclarée,TAIWAN,S,2021,0
2021FFI-0000008142-51,Retail - Vente au détail,BC,WILD PACIFIC SNAPPER,Not Declared - Non déclarée,CANADA,U-I,2021,1
2021FFI-0000008142-52,Retail - Vente au détail,BC,SABLEFISH,Not Declared - Non déclarée,CANADA,S,2021,0
2021FFI-0000008142-53,Domestic - Domestique,NS,HADDOCK,MELANOGRAMMUS AEGLEFINUS,CANADA,S,2021,0
2021FFI-0000008142-54,Retail - Vente au détail,NB,HADDOCK,Not Declared - Non déclarée,CANADA,S,2021,0
2021FFI-0000008142-55,Domestic - Domestique,NS,HADDOCK,MELANOGRAMMUS AEGLEFINUS,CANADA,S,2021,0
2021FFI-0000008142-56,Domestic - Domestique,NS,HADDOCK,MELANOGRAMMUS AEGLEFINUS,CANADA,S,2021,0
2021FFI-0000008142-57,Domestic - Domestique,NS,HADDOCK,MELANOGRAMMUS AEGLEFINUS,CANADA,S,2021,0
2021FFI-0000008142-58,Retail - Vente au détail,BC,HADDOCK,Not Declared - Non déclarée,CANADA,S,2021,0
2021FFI-0000008142-59,Imports - Importation,ON,HADDOCK,MELANOGRAMMUS AEGLEFINUS,CHINA,S,2021,0
2021FFI-0000008142-60,Imports - Importation,ON,HADDOCK,MELANOGRAMMUS AEGLEFINUS,CHINA,S,2021,0
2021FFI-0000008142-61,Imports - Importation,ON,HADDOCK,MELANOGRAMMUS AEGLEFINUS,CHINA,S,2021,0
2021FFI-0000008142-62,Imports - Importation,ON,HADDOCK,MELANOGRAMMUS AEGLEFINUS,CHINA,S,2021,0
2021FFI-0000008142-63,Retail - Vente au détail,ON,HADDOCK,Not Declared - Non déclarée,NOT DECLARED,S,2021,0
2021FFI-0000008142-64,Retail - Vente au détail,BC,HALIBUT,Not Declared - Non déclarée,CANADA,S,2021,0
2021FFI-0000008142-65,Retail - Vente au détail,AB,HAIRTAIL,LEPIDOPUS CAUDATUS,CHINA,U-I,2021,1
2021FFI-0000008142-66,Retail - Vente au détail,NS,HALIBUT,Not Declared - Non déclarée,CANADA,S,2021,0
2021FFI-0000008142-67,Retail - Vente au détail,AB,HALIBUT,Not Declared - Non déclarée,ICELAND,S,2021,0
2021FFI-0000008142-68,Retail - Vente au détail,ON,HALIBUT,Not Declared - Non déclarée,NOT DECLARED,S,2021,0
2021FFI-0000008142-69,Domestic - Domestique,QC,"HALIBUT, ATLANTIC",HIPPOGLOSSUS HIPPOGLOSSUS,CANADA,S,2021,0
2021FFI-0000008142-70,Domestic - Domestique,NB,"HALIBUT, ATLANTIC",HIPPOGLOSSUS HIPPOGLOSSUS,CANADA,S,2021,0
2021FFI-0000008142-71,Imports - Importation,ON,"HALIBUT, ATLANTIC",HIPPOGLOSSUS HIPPOGLOSSUS,CHINA,U-I,2021,1
2021FFI-0000008142-72,Retail - Vente au détail,ON,"HALIBUT, ATLANTIC",Not Declared - Non déclarée,NORWAY,ND-AD,2021,0
2021FFI-0000008142-73,Retail - Vente au détail,ON,"HALIBUT, PACIFIC",Not Declared - Non déclarée,CANADA,S,2021,0
2021FFI-0000008142-74,Domestic - Domestique,ON,KINGFISH,SCOMBEROMORUS CAVALLA,CANADA,S,2021,0
2021FFI-0000008142-75,Imports - Importation,ON,KINGFISH,SCOMBEROMORUS CAVALLA,SURINAME,S,2021,0
2021FFI-0000008142-76,Retail - Vente au détail,ON,KINGFISH,SCOMBEROMORUS CAVALLA,UNITED STATES,S,2021,0
2021FFI-0000008142-77,Retail - Vente au détail,BC,SNAPPER,Not Declared - Non déclarée,CANADA,S,2021,0
2021FFI-0000008142-78,Retail - Vente au détail,ON,WILD WHITEFISH,Not Declared - Non déclarée,CANADA,S,2021,0
2021FFI-0000008142-79,Retail - Vente au détail,BC,PETRALE SOLE,Not Declared - Non déclarée,CANADA,S,2021,0
2021FFI-0000008142-80,Retail - Vente au détail,AB,PICKEREL,Not Declared - Non déclarée,CANADA,S,2021,0
2021FFI-0000008142-81,Domestic - Domestique,NS,POLLOCK,Not Declared - Non déclarée,CANADA,S,2021,0
2021FFI-0000008142-82,Domestic - Domestique,NS,POLLOCK,POLLACHIUS VIRENS,CANADA,U-I,2021,1
2021FFI-0000008142-83,Retail - Vente au détail,BC,SABLEFISH,Not Declared - Non déclarée,CANADA,S,2021,0
2021FFI-0000008142-84,Retail - Vente au détail,AB,"SALMON, SOCKEYE",Not Declared - Non déclarée,CANADA,S,2021,0
2021FFI-0000008142-85,Retail - Vente au détail,ON,SEA BASS,Not Declared - Non déclarée,AUSTRALIA,U-I,2021,1
2021FFI-0000008142-86,Imports - Importation,ON,SNAPPER,Not Declared - Non déclarée,VIETNAM,U-I,2021,1
2021FFI-0000008142-87,Imports - Importation,ON,SOLE,Not Declared - Non déclarée,CHINA,S,2021,0
2021FFI-0000008142-88,Imports - Importation,ON,SOLE,Not Declared - Non déclarée,CHINA,S,2021,0
2021FFI-0000008142-89,Imports - Importation,ON,SOLE,Not Declared - Non déclarée,CHINA,S,2021,0
2021FFI-0000008142-90,Imports - Importation,ON,"SOLE, FLATHEAD",HIPPOGLOSSOIDES ELASSODON,UNITED STATES,S,2021,0
2021FFI-0000008142-91,Imports - Importation,ON,"SOLE, FLATHEAD",HIPPOGLOSSOIDES ELASSODON,UNITED STATES,S,2021,0
2021FFI-0000008142-92,Imports - Importation,ON,"SOLE, YELLOWFIN",LIMANDA ASPERA,CHINA,S,2021,0
2021FFI-0000008142-93,Imports - Importation,AB,"SOLE, YELLOWFIN",LIMANDA ASPERA,CHINA,S,2021,0
2021FFI-0000008142-94,Imports - Importation,ON,"SOLE, YELLOWFIN",LIMANDA ASPERA,CHINA,S,2021,0
2021FFI-0000008142-95,Imports - Importation,ON,"SOLE, YELLOWFIN",LIMANDA ASPERA,CHINA,S,2021,0
2021FFI-0000008142-96,Imports - Importation,QC,"SOLE, YELLOWFIN",LIMANDA ASPERA,CHINA,U-I,2021,1
2021FFI-0000008142-97,Retail - Vente au détail,NB,STEELHEAD TROUT,Not Declared - Non déclarée,CANADA,S,2021,0
2021FFI-0000008142-98,Domestic - Domestique,ON,TUNA,Not Declared - Non déclarée,CANADA,S,2021,0
2021FFI-0000008142-99,Retail - Vente au détail,NL,"TUNA, YELLOWFIN",Not Declared - Non déclarée,CANADA,S,2021,0
2021FFI-0000008142-100,Imports - Importation,ON,"TUNA, YELLOWFIN",THUNNUS ALBACARES,CHILE,S,2021,0
2021FFI-0000008142-101,Retail - Vente au détail,QC,"TUNA, YELLOWFIN",THUNNUS ALBACARES,INDONESIA,S,2021,0
2021FFI-0000008142-102,Imports - Importation,ON,"TUNA, YELLOWFIN",THUNNUS ALBACARES,PHILIPPINES,S,2021,0
2021FFI-0000008142-103,Retail - Vente au détail,NS,"TUNA, YELLOWFIN",Not Declared - Non déclarée,VIETNAM,S,2021,0
2021FFI-0000008142-104,Retail - Vente au détail,QC,"TUNA, YELLOWFIN",THUNNUS ALBACARES,VIETNAM,S,2021,0
2021FFI-0000008142-105,Retail - Vente au détail,QC,"TUNA, YELLOWFIN",THUNNUS ALBACARES,VIETNAM,S,2021,0
2021FFI-0000008142-106,Retail - Vente au détail,QC,"TUNA, YELLOWFIN",THUNNUS ALBACARES,VIETNAM,S,2021,0
2021FFI-0000008142-107,Retail - Vente au détail,ON,WILD PACIFIC SNAPPER,Not Declared - Non déclarée,UNITED STATES,S,2021,0
2021FFI-0000008142-108,Retail - Vente au détail,ON,WILD PACIFIC SOLE,Not Declared - Non déclarée,NOT DECLARED,S,2021,0
2021FFI-0000008142-109,Retail - Vente au détail,QC,"SOLE, YELLOWFIN",LIMANDA ASPERA,CANADA,U-I,2021,1
2021FFI-0000008142-110,Retail - Vente au détail,QC,YELLOWTAIL FLOUNDER,LIMANDA FERRUGINEA,CHINA,S,2021,0
2021FFI-0000008142-111,Retail - Vente au détail,QC,YELLOWTAIL FLOUNDER,LIMANDA FERRUGINEA,CHINA,ND-AD,2021,0
2021FFI-0000008142-112,Retail - Vente au détail,QC,YELLOWTAIL FLOUNDER,LIMANDA FERRUGINEA,CHINA,ND-AD,2021,0
2021FFI-0000008142-113,Retail - Vente au détail,QC,YELLOWTAIL FLOUNDER,LIMANDA FERRUGINEA,CHINA,S,2021,0
2021FFI-0000008142-114,Import - Importation,AB,Basa,Pangasius Hypophthalmus,Vietnam,S,2021,0
2021FFI-0000008142-115,Import - Importation,BC,"Bass, Sea ",Dicentrarchus Labrax,Greece,ND-AD,2021,0
2021FFI-0000008142-116,Import - Importation,ON,Butterfish,Nebris Microps,Guyana,S,2021,0
2021FFI-0000008142-117,Domestic - Domestique,NB,"Char, Arctic ",Salvelinus Alpinus,Canada,S,2021,0
2021FFI-0000008142-118,Import - Importation,ON,Cod,Not Declared - Non Déclarée,Iceland,S,2021,0
2021FFI-0000008142-119,Retail - Vente au détail,SK,Cod,Not Declared - Non Déclarée,Canada,S,2021,0
2021FFI-0000008142-120,Import - Importation,ON,Cod,Not Declared - Non Déclarée,China,S,2021,0
2021FFI-0000008142-121,Import - Importation,ON,Cod,Not Declared - Non Déclarée,China,S,2021,0
2021FFI-0000008142-122,Import - Importation,NS,Cod,Not Declared - Non Déclarée,China,S,2021,0
2021FFI-0000008142-123,Import - Importation,NS,Cod,Not Declared - Non Déclarée,China,S,2021,0
2021FFI-0000008142-124,Domestic - Domestique,NS,Cod,Not Declared - Non Déclarée,Canada,S,2021,0
2021FFI-0000008142-125,Domestic - Domestique,NB,Cod,Not Declared - Non Déclarée,Canada,S,2021,0
2021FFI-0000008142-126,Retail - Vente au détail,ON,Cod,Not Declared - Non Déclarée,Canada,S,2021,0
2021FFI-0000008142-127,Domestic - Domestique,NS,Cod,Not Declared - Non Déclarée,Canada,U-I,2021,1
2021FFI-0000008142-128,Retail - Vente au détail,NB,Cod,Not Declared - Non Déclarée,Canada,S,2021,0
2021FFI-0000008142-129,Retail - Vente au détail,MB,Cod,Not Declared - Non Déclarée,Canada,S,2021,0
2021FFI-0000008142-130,Retail - Vente au détail,NS,Cod ,Not Declared - Non Déclarée,Canada,S,2021,0
2021FFI-0000008142-131,Retail - Vente au détail,ON,Cod ,Not Declared - Non Déclarée,Canada,ND-AD,2021,0
2021FFI-0000008142-132,Retail - Vente au détail,BC,Cod ,Not Declared - Non Déclarée,Iceland,S,2021,0
2021FFI-0000008142-133,Retail - Vente au détail,ON,Cod ,Not Declared - Non Déclarée,United States,S,2021,0
2021FFI-0000008142-134,Import - Importation,ON,"Cod, Atlantic",Not Declared - Non Déclarée,China,S,2021,0
2021FFI-0000008142-135,Import - Importation,ON,"Cod, Atlantic",Not Declared - Non Déclarée,China,S,2021,0
2021FFI-0000008142-136,Import - Importation,BC,"Cod, Atlantic ",Gadus Morhua,Iceland,S,2021,0
2021FFI-0000008142-137,Import - Importation,AB,"Cod, Atlantic ",Gadus Morhua,Iceland,S,2021,0
2021FFI-0000008142-138,Domestic - Domestique,NS,"Cod, Atlantic ",Gadus Morhua,Canada,S,2021,0
2021FFI-0000008142-139,Retail - Vente au détail,AB,"Cod, Atlantic ",Gadus Morhua,Iceland,ND-AD,2021,0
2021FFI-0000008142-140,Retail - Vente au détail,ON,"Cod, Atlantic  ",Gadus Morhua,Iceland,S,2021,0
2021FFI-0000008142-141,Import - Importation,AB,"Cod, Black",Not Declared - Non Déclarée,United States,S,2021,0
2021FFI-0000008142-142,Import - Importation,ON,"Cod, Blue",Not Declared - Non Déclarée,China,S,2021,0
2021FFI-0000008142-143,Import - Importation,BC,"Cod, Pacific",Gadus Macrocephalus,United States,S,2021,0
2021FFI-0000008142-144,Import - Importation,BC,"Cod, Pacific ",Gadus Macrocephalus,United States,S,2021,0
2021FFI-0000008142-145,Import - Importation,BC,"Cod, Pacific ",Gadus Macrocephalus,United States,S,2021,0
2021FFI-0000008142-146,Import - Importation,QC,"Cod, Pacific ",Gadus Macrocephalus,China,S,2021,0
2021FFI-0000008142-147,Import - Importation,AB,"Cod, Pacific ",Gadus Macrocephalus,Norway,S,2021,0
2021FFI-0000008142-148,Import - Importation,BC,"Cod, Pacific ",Gadus Macrocephalus,China,S,2021,0
2021FFI-0000008142-149,Import - Importation,BC,"Cod, Pacific ",Gadus Macrocephalus,United States,S,2021,0
2021FFI-0000008142-150,Retail - Vente au détail,ON,Haddock,Not Declared - Non Déclarée,Canada,S,2021,0
2021FFI-0000008142-151,Domestic - Domestique,NS,Haddock,Melanogrammus Aeglefinus,Canada,S,2021,0
2021FFI-0000008142-152,Domestic - Domestique,NS,Haddock ,Melanogrammus Aeglefinus,Canada,S,2021,0
2021FFI-0000008142-153,Import - Importation,NS,Haddock ,Melanogrammus Aeglefinus,Russian Federation,S,2021,0
2021FFI-0000008142-154,Domestic - Domestique,NS,Haddock ,Melanogrammus Aeglefinus,Canada,S,2021,0
2021FFI-0000008142-155,Domestic - Domestique,NB,Haddock ,Melanogrammus Aeglefinus,Canada,S,2021,0
2021FFI-0000008142-156,Domestic - Domestique,NS,Haddock ,Melanogrammus Aeglefinus,Canada,S,2021,0
2021FFI-0000008142-157,Import - Importation,AB,Haddock ,Melanogrammus Aeglefinus,China,S,2021,0
2021FFI-0000008142-158,Import - Importation,NS,Haddock ,Melanogrammus Aeglefinus,China,S,2021,0
2021FFI-0000008142-159,Domestic - Domestique,NS,Haddock ,Melanogrammus Aeglefinus,Canada,S,2021,0
2021FFI-0000008142-160,Retail - Vente au détail,ON,Halibut,Not Declared - Non Déclarée,United States,S,2021,0
2021FFI-0000008142-161,Retail - Vente au détail,ON,Halibut ,Not Declared - Non Déclarée,Canada,S,2021,0
2021FFI-0000008142-162,Import - Importation,AB,Halibut ,Hippoglossus Hippoglossus,Iceland,S,2021,0
2021FFI-0000008142-163,Domestic - Domestique,QC,"Halibut, Atlantic",Hippoglossus Hippoglossus,Canada,S,2021,0
2021FFI-0000008142-164,Retail - Vente au détail,NS,"Halibut, Atlantic",Not Declared - Non Déclarée,Canada,S,2021,0
2021FFI-0000008142-165,Retail - Vente au détail,NL,"Halibut, Atlantic",Not Declared - Non Déclarée,Canada,S,2021,0
2021FFI-0000008142-166,Import - Importation,BC,"Halibut, Greenland ",Not Declared - Non Déclarée,Taiwan,S,2021,0
2021FFI-0000008142-167,Retail - Vente au détail,ON,"Halibut, Pacific ",Not Declared - Non Déclarée,Not Declared,S,2021,0
2021FFI-0000008142-168,Retail - Vente au détail,BC,"Halibut, Pacific ",Not Declared - Non Déclarée,Canada,S,2021,0
2021FFI-0000008142-169,Import - Importation,BC,"Halibut, Pacific ",Hippoglossus Stenolepsis,United States,S,2021,0
2021FFI-0000008142-170,Import - Importation,BC,"Halibut, Pacific ",Hippoglossus Stenolepsis,United States,S,2021,0
2021FFI-0000008142-171,Import - Importation,BC,"Halibut, Pacific ",Hippoglossus Stenolepsis,United States,S,2021,0
2021FFI-0000008142-172,Retail - Vente au détail,BC,"Halibut, Wild Pacific ",Not Declared - Non Déclarée,Canada,S,2021,0
2021FFI-0000008142-173,Retail - Vente au détail,AB,King Makerel,Not Declared - Non Déclarée,United States,S,2021,0
2021FFI-0000008142-174,Import - Importation,ON,Kingfish ,Scomberomorus Cavalla,Guyana,S,2021,0
2021FFI-0000008142-175,Import - Importation,ON,Kingfish ,Scomberomorus Cavalla,Bolivarian Republic Of Venezuela,S,2021,0
2021FFI-0000008142-176,Import - Importation,ON,Kingfish ,Scomberomorus Cavalla,Bolivarian Republic Of Venezuela,S,2021,0
2021FFI-0000008142-177,Import - Importation,BC,Kingfish ,Scomberomorus Commerson,Taiwan,U-I,2021,1
2021FFI-0000008142-178,Retail - Vente au détail,ON,Kingfish  ,Scomberomorus Cavalla,United States,S,2021,0
2021FFI-0000008142-179,Retail - Vente au détail,ON,"Perch, Atlantic Ocean  ",Not Declared - Non Déclarée,Canada,U-I,2021,1
2021FFI-0000008142-180,Domestic - Domestique,ON,"Perch, White ",Morone Americana,Canada,S,2021,0
2021FFI-0000008142-181,Domestic - Domestique,ON,"Pickerel, Yellow (Walleye) ",Sander Vitreus,Canada,S,2021,0
2021FFI-0000008142-182,Import - Importation,BC,"Pollock, Alaska ",Theragra Chalcogramma,United States,S,2021,0
2021FFI-0000008142-183,Domestic - Domestique,NS,"Redfish, Acadian ",Sebastes Fasciatus,Canada,S,2021,0
2021FFI-0000008142-184,Retail - Vente au détail,AB,Rockfish,Not Declared - Non Déclarée,United States,S,2021,0
2021FFI-0000008142-185,Retail - Vente au détail,BC,Rockfish,Not Declared - Non Déclarée,Canada,S,2021,0
2021FFI-0000008142-186,Domestic - Domestique,BC,Sablefish (Black Cod) ,Anoplopoma Fimbria,Canada,S,2021,0
2021FFI-0000008142-187,Domestic - Domestique,NB,"Salmon, Atlantic ",Salmo Salar,Canada,S,2021,0
2021FFI-0000008142-188,Import - Importation,BC,"Salmon, Chinook ",Oncorhynchus Tshawytscha,New Zealand,S,2021,0
2021FFI-0000008142-189,Domestic - Domestique,BC,"Salmon, Coho ",Oncorhynchus Kisutch,Canada,S,2021,0
2021FFI-0000008142-190,Retail - Vente au détail,ON,"Sea Bass, Mediterranean  ",Not Declared - Non Déclarée,Republic of Türkiye,ND-AD,2021,0
2021FFI-0000008142-191,Import - Importation,AB,Snakehead ,Channidae ,Thailand,S,2021,0
2021FFI-0000008142-192,Import - Importation,ON,Snapper,Lutjanidae Scorpaenidae,Indonesia,U-I,2021,1
2021FFI-0000008142-193,Import - Importation,ON,Snapper,Lutjanidae Scorpaenidae,Indonesia,U-I,2021,1
2021FFI-0000008142-194,Import - Importation,ON,Sole,Not Declared - Non Déclarée,China,S,2021,0
2021FFI-0000008142-195,Import - Importation,QC,Sole,Not Declared - Non Déclarée,China,S,2021,0
2021FFI-0000008142-196,Import - Importation,ON,Sole,Limanda Aspera,China,S,2021,0
2021FFI-0000008142-197,Import - Importation,ON,Sole,Not Declared - Non Déclarée,China,S,2021,0
2021FFI-0000008142-198,Retail - Vente au détail,MB,Sole,Not Declared - Non Déclarée,Canada,S,2021,0
2021FFI-0000008142-199,Retail - Vente au détail,BC,Sole ,Not Declared - Non Déclarée,Canada,S,2021,0
2021FFI-0000008142-200,Retail - Vente au détail,ON,Sole ,Hippoglossoides Elassodon,Canada,ND-AD,2021,0
2021FFI-0000008142-201,Retail - Vente au détail,SK,Sole,Not Declared - Non Déclarée,Canada,S,2021,0
2021FFI-0000008142-202,Retail - Vente au détail,ON,Sole,Not Declared - Non Déclarée,Canada,S,2021,0
2021FFI-0000008142-203,Retail - Vente au détail,NL,Sole,Not Declared - Non Déclarée,Not Declared,S,2021,0
2021FFI-0000008142-204,Retail - Vente au détail,NB,Sole,Not Declared - Non Déclarée,Canada,S,2021,0
2021FFI-0000008142-205,Import - Importation,ON,"Sole, Flathead ",Hippoglossoides Elassodon,China,U-I,2021,1
2021FFI-0000008142-206,Retail - Vente au détail,ON,"Sole, Pacific",Not Declared - Non Déclarée,Canada,S,2021,0
2021FFI-0000008142-207,Retail - Vente au détail,ON,Tilapia ,Not Declared - Non Déclarée,Canada,S,2021,0
2021FFI-0000008142-208,Import - Importation,AB,Tuna,Scombridae,Thailand,U-I,2021,1
2021FFI-0000008142-209,Import - Importation,BC,"Tuna, Albacore",Thunnus Alalunga/Thunnus Germo,Indonesia,S,2021,0
2021FFI-0000008142-210,Domestic - Domestique,BC,"Tuna, Albacore ",Thunnus Alalunga/Thunnus Germo,Canada,S,2021,0
2021FFI-0000008142-211,Retail - Vente au détail,BC,"Tuna, Albacore ",Not Declared - Non Déclarée,Canada,S,2021,0
2021FFI-0000008142-212,Domestic - Domestique,BC,"Tuna, Albacore ",Thunnus Alalunga/Thunnus Germo,Canada,S,2021,0
2021FFI-0000008142-213,Import - Importation,BC,"Tuna, Yellowfin ",Thunnus Albacares,Philippines,S,2021,0
2021FFI-0000008142-214,Retail - Vente au détail,BC,"Tuna, Yellowfin ",Not Declared - Non Déclarée,Vietnam,S,2021,0
2019FCP-0000024391-4,Retail - Vente au détail,NL,COD,Not Declared - Non déclarée,Canada,S,2019,0
2019FCP-0000024391-5,Retail - Vente au détail,AB,ROCKFISH,Not Declared - Non déclarée,Canada,S,2019,0
2019FCP-0000024391-6,Retail - Vente au détail,AB,"SALMON, COHO",Not Declared - Non déclarée,Canada,S,2019,0
2019FCP-0000024391-7,Imports - Importation,BC,"COD, PACIFIC",Not Declared - Non déclarée,United States,S,2019,0
2019FCP-0000024391-8,Imports - Importation,BC,LINGCOD,Not Declared - Non déclarée,United States,S,2019,0
2019FCP-0000024391-9,Retail - Vente au détail,AB,COD,Not Declared - Non déclarée,Iceland,S,2019,0
2019FCP-0000024391-10,Retail - Vente au détail,AB,HADDOCK,Not Declared - Non déclarée,China,S,2019,0
2019FCP-0000024391-11,Retail - Vente au détail,AB,"SNAPPER, PACIFIC RED",Not Declared - Non déclarée,Canada,S,2019,0
2019FCP-0000024391-12,Retail - Vente au détail,AB,COD,Not Declared - Non déclarée,China,S,2019,0
2019FCP-0000024391-13,Imports - Importation,BC,HALIBUT,Not Declared - Non déclarée,Russian Federation,S,2019,0
2019FCP-0000024391-14,Retail - Vente au détail,NL,"HALIBUT, ATLANTIC",Not Declared - Non déclarée,Canada,S,2019,0
2019FCP-0000024391-15,Imports - Importation,BC,"SALMON, CHUM",Not Declared - Non déclarée,United States,S,2019,0
2019FCP-0000024391-16,Imports - Importation,BC,SABLEFISH (BLACK COD),Not Declared - Non déclarée,United States,S,2019,0
2019FCP-0000024391-17,Imports - Importation,BC,"SALMON, SOCKEYE",Not Declared - Non déclarée,United States,S,2019,0
2019FCP-0000024391-18,Imports - Importation,BC,SABLEFISH (BLACK COD),Not Declared - Non déclarée,United States,S,2019,0
2019FCP-0000024391-19,Imports - Importation,BC,"COD, PACIFIC",Not Declared - Non déclarée,China,S,2019,0
2019FCP-0000024391-20,Retail - Vente au détail,NL,HALIBUT,Not Declared - Non déclarée,Canada,S,2019,0
2019FCP-0000024391-21,Retail - Vente au détail,AB,SEABASS COLLARS,Not Declared - Non déclarée,Chile,U-I,2019,1
2019FCP-0000024391-22,Retail - Vente au détail,AB,RED SNAPPER,Not Declared - Non déclarée,Canada,ND-AD,2019,0
2019FCP-0000024391-23,Retail - Vente au détail,AB,HALIBUT,Not Declared - Non déclarée,Not Declared,S,2019,0
2019FCP-0000024391-24,Retail - Vente au détail,NL,COD,Not Declared - Non déclarée,Canada,S,2019,0
2019FCP-0000024391-25,Retail - Vente au détail,AB,COD,Not Declared - Non déclarée,Not Declared,S,2019,0
2019FCP-0000024391-26,Retail - Vente au détail,AB,KINGFISH,Not Declared - Non déclarée,Taiwan,U-I,2019,1
2019FCP-0000024391-27,Retail - Vente au détail,AB,HALIBUT,Not Declared - Non déclarée,United States,S,2019,0
2019FCP-0000024391-28,Retail - Vente au détail,PE,SOLE,Not Declared - Non déclarée,China,S,2019,0
2019FCP-0000024391-29,Retail - Vente au détail,AB,SEA BASS,Not Declared - Non déclarée,Chile,U-I,2019,1
2019FCP-0000024391-30,Imports - Importation,NB,SOLE,Not Declared - Non déclarée,China,S,2019,0
2019FCP-0000024391-31,Retail - Vente au détail,ON,COD,Not Declared - Non déclarée,Canada,S,2019,0
2019FCP-0000024391-32,Retail - Vente au détail,ON,TILAPIA,Not Declared - Non déclarée,Canada,S,2019,0
2019FCP-0000024391-33,Retail - Vente au détail,ON,"TROUT, RAINBOW",Not Declared - Non déclarée,Canada,S,2019,0
2019FCP-0000024391-34,Retail - Vente au détail,ON,SOLE,Not Declared - Non déclarée,Canada,S,2019,0
2019FCP-0000024391-35,Retail - Vente au détail,ON,BASA,Not Declared - Non déclarée,Canada,S,2019,0
2019FCP-0000024391-36,Retail - Vente au détail,ON,"TUNA, YELLOWFIN",Not Declared - Non déclarée,Canada,S,2019,0
2019FCP-0000024391-37,Retail - Vente au détail,ON,RED SNAPPER,Not Declared - Non déclarée,Canada,U-I,2019,1
2019FCP-0000024391-38,Retail - Vente au détail,BC,HALIBUT,Not Declared - Non déclarée,Canada,S,2019,0
2019FCP-0000024391-39,Retail - Vente au détail,NS,COD,Not Declared - Non déclarée,Canada,S,2019,0
2019FCP-0000024391-40,Retail - Vente au détail,NS,HALIBUT,Not Declared - Non déclarée,Canada,S,2019,0
2019FCP-0000024391-41,Retail - Vente au détail,ON,"SNAPPER, RED",Not Declared - Non déclarée,Canada,ND-AD,2019,0
2019FCP-0000024391-42,Imports - Importation,NB,"COD, PACIFIC",Not Declared - Non déclarée,China,S,2019,0
2019FCP-0000024391-43,Retail - Vente au détail,ON,HADDOCK,Not Declared - Non déclarée,Canada,S,2019,0
2019FCP-0000024391-44,Retail - Vente au détail,ON,"HALIBUT, ATLANTIC",Not Declared - Non déclarée,Canada,U-I,2019,1
2019FCP-0000024391-45,Retail - Vente au détail,NL,COD,Not Declared - Non déclarée,Canada,S,2019,0
2019FCP-0000024391-46,Retail - Vente au détail,NL,COD,Not Declared - Non déclarée,Canada,S,2019,0
2019FCP-0000024391-47,Retail - Vente au détail,NL,"TUNA, YELLOWFIN",Not Declared - Non déclarée,Canada,S,2019,0
2019FCP-0000024391-48,Retail - Vente au détail,ON,"COD, PACIFIC",Not Declared - Non déclarée,United States,S,2019,0
2019FCP-0000024391-49,Retail - Vente au détail,ON,"TROUT, RAINBOW",Not Declared - Non déclarée,Canada,S,2019,0
2019FCP-0000024391-50,Retail - Vente au détail,ON,"TUNA, YELLOWFIN",Not Declared - Non déclarée,Indonesia,S,2019,0
2019FCP-0000024391-51,Retail - Vente au détail,ON,CHILEAN SEABASS,Not Declared - Non déclarée,Chile,U-I,2019,1
2019FCP-0000024391-52,Retail - Vente au détail,ON,"TOOTHFISH, ANTARTIC",Not Declared - Non déclarée,Falkland Islands,S,2019,0
2019FCP-0000024391-53,Retail - Vente au détail,ON,COD,Not Declared - Non déclarée,Iceland,U-I,2019,1
2019FCP-0000024391-54,Retail - Vente au détail,ON,HADDOCK,Not Declared - Non déclarée,Iceland,S,2019,0
2019FCP-0000024391-55,Retail - Vente au détail,NS,"SALMON, ATLANTIC",Not Declared - Non déclarée,Canada,S,2019,0
2019FCP-0000024391-56,Retail - Vente au détail,NS,SWORDFISH,Not Declared - Non déclarée,Canada,S,2019,0
2019FCP-0000024391-57,Retail - Vente au détail,ON,COD,Not Declared - Non déclarée,Canada,S,2019,0
2019FCP-0000024391-58,Retail - Vente au détail,NL,COD,Not Declared - Non déclarée,Canada,S,2019,0
2019FCP-0000024391-59,Retail - Vente au détail,NL,TUNA,Not Declared - Non déclarée,Canada,S,2019,0
2019FCP-0000024391-60,Retail - Vente au détail,NL,COD,Not Declared - Non déclarée,Canada,S,2019,0
2019FCP-0000024391-61,Retail - Vente au détail,ON,KINGFISH,Not Declared - Non déclarée,Canada,S,2019,0
2019FCP-0000024391-62,Retail - Vente au détail,ON,COD,Not Declared - Non déclarée,Canada,S,2019,0
2019FCP-0000024391-63,Retail - Vente au détail,ON,"COD, PACIFIC",Not Declared - Non déclarée,Canada,S,2019,0
2019FCP-0000024391-64,Domestic - Domestique,NB,"CHAR, ARCTIC",SALVELINUS ALPINUS,Canada,S,2019,0
2019FCP-0000024391-65,Domestic - Domestique,NS,COD,Not Declared - Non déclarée,Canada,S,2019,0
2019FCP-0000024391-66,Domestic - Domestique,BC,"SALMON, SOCKEYE",ONCORHYNCHUS NERKA,Canada,S,2019,0
2019FCP-0000024391-67,Imports - Importation,QC,HADDOCK,MELANOGRAMMUS AEGLEFINUS,China,S,2019,0
2019FCP-0000024391-68,Imports - Importation,QC,TUNA,SCOMBRIDAE,Mauritius,S,2019,0
2019FCP-0000024391-69,Imports - Importation,QC,"SALMON, PINK",ONCORHYNCHUS GORBUSCHA,China,S,2019,0
2019FCP-0000024391-70,Imports - Importation,QC,"BASS, SEA",DICENTRARCHUS LABRAX,Greece,S,2019,0
2019FCP-0000024391-71,Imports - Importation,QC,"COD, ATLANTIC",GADUS MORHUA,Iceland,S,2019,0
2019FCP-0000024391-72,Domestic - Domestique,NB,"CHAR, ARCTIC",SALVELINUS ALPINUS,Canada,S,2019,0
2019FCP-0000024391-73,Domestic - Domestique,QC,HADDOCK,MELANOGRAMMUS AEGLEFINUS,Canada,S,2019,0
2019FCP-0000024391-74,Domestic - Domestique,QC,"SALMON, ATLANTIC",SALMO SALAR,Canada,S,2019,0
2019FCP-0000024391-75,Domestic - Domestique,NB,"CHAR, ARCTIC",SALVELINUS ALPINUS,Canada,S,2019,0
2019FCP-0000024391-76,Domestic - Domestique,NS,SOLE,Not Declared - Non déclarée,Canada,S,2019,0
2019FCP-0000024391-77,Imports - Importation,QC,AMBERJACK,CARANGIDAE SERIOLA SPP.,United States,S,2019,0
2019FCP-0000024391-78,Domestic - Domestique,NB,"TROUT, RAINBOW",ONCORHYNCHUS MYKISS,Canada,S,2019,0
2019FCP-0000024391-79,Domestic - Domestique,BC,"TUNA, ALBACORE",THUNNUS ALALUNGA/THUNNUS GERMO,Canada,S,2019,0
2019FCP-0000024391-80,Domestic - Domestique,BC,"HALIBUT, PACIFIC",HIPPOGLOSSUS STENOLEPSIS,Canada,S,2019,0
2019FCP-0000024391-81,Imports - Importation,NB,"SALMON, ATLANTIC",SALMO SALAR,Scotland - UK,S,2019,0
2019FCP-0000024391-82,Domestic - Domestique,NB,HADDOCK,MELANOGRAMMUS AEGLEFINUS,Canada,S,2019,0
2019FCP-0000024391-83,Imports - Importation,QC,SOLE,Not Declared - Non déclarée,United States,S,2019,0
2019FCP-0000024391-84,Imports - Importation,QC,"COD, PACIFIC",GADUS MACROCEPHALUS,United States,S,2019,0
2019FCP-0000024391-85,Imports - Importation,QC,"COD, PACIFIC", GADUS MACROCEPHALUS,United States,S,2019,0
2019FCP-0000024391-86,Imports - Importation,QC,"COD, ATLANTIC",GADUS MORHUA,Iceland,S,2019,0
2019FCP-0000024391-87,Imports - Importation,QC,HADDOCK,MELANOGRAMMUS AEGLEFINUS,Iceland,S,2019,0
2019FCP-0000024391-88,Imports - Importation,QC,"COD, ATLANTIC",GADUS MORHUA,China,S,2019,0
2019FCP-0000024391-89,Domestic - Domestique,QC,"CHAR, ARCTIC",SALVELINUS ALPINUS,Canada,S,2019,0
2019FCP-0000024391-90,Imports - Importation,QC,"COD, ATLANTIC",GADUS MORHUA,Iceland,S,2019,0
2019FCP-0000024391-91,Imports - Importation,QC,HADDOCK,MELANOGRAMMUS AEGLEFINUS,Iceland,S,2019,0
2019FCP-0000024391-92,Domestic - Domestique,BC,"TUNA, ALBACORE",Not Declared - Non déclarée,Canada,S,2019,0
2019FCP-0000024391-93,Domestic - Domestique,NB,"CHAR, ARCTIC",SALVELINUS ALPINUS,Canada,S,2019,0
2019FCP-0000024391-94,Imports - Importation,MB,"COD, ATLANTIC",GADUS MORHUA,Iceland,S,2019,0
2019FCP-0000024391-95,Domestic - Domestique,BC,"HALIBUT, PACIFIC",HIPPOGLOSSUS STENOLEPSIS,Canada,S,2019,0
2019FCP-0000024391-96,Domestic - Domestique,ON,"HALIBUT, PACIFIC",HIPPOGLOSSUS STENOLEPSIS,Canada,U-I,2019,1
2019FCP-0000024391-97,Domestic - Domestique,ON,COD,Not Declared - Non déclarée,Canada,S,2019,0
2019FCP-0000024391-98,Imports - Importation,ON,"BASS, SEA",DICENTRARCHUS LABRAX,Greece,ND-AD,2019,0
2019FCP-0000024391-99,Imports - Importation,ON,"COD, PACIFIC", GADUS MACROCEPHALUS,China,S,2019,0
2019FCP-0000024391-100,Imports - Importation,NB,COD,GADUS MORHUA,Iceland,S,2019,0
2019FCP-0000024391-101,Domestic - Domestique,NB,HADDOCK,MELANOGRAMMUS AEGLEFINUS,Canada,S,2019,0
2019FCP-0000024391-102,Domestic - Domestique,NB,HADDOCK,MELANOGRAMMUS AEGLEFINUS,Canada,S,2019,0
2019FCP-0000024391-103,Domestic - Domestique,NL,SOLE,Not Declared - Non déclarée,Canada,S,2019,0
2019FCP-0000024391-104,Domestic - Domestique,NL,"COD, ATLANTIC",GADUS MORHUA,Canada,S,2019,0
2019FCP-0000024391-105,Imports - Importation,ON,COD,Not Declared - Non déclarée,Turkey,ND-AD,2019,0
2019FCP-0000024391-106,Imports - Importation,ON,"COD, PACIFIC",GADUS MACROCEPHALUS,China,S,2019,0
2019FCP-0000024391-107,Imports - Importation,BC,"MACKEREL, NARROW-BARRED SPANISH",SCOMBEROMORUS COMMERSON,Taiwan,U-I,2019,1
2019FCP-0000024391-108,Domestic - Domestique,NS,HADDOCK,MELANOGRAMMUS AEGLEFINUS,Canada,ND-AD,2019,0
2019FCP-0000024391-109,Imports - Importation,BC,"COD, PACIFIC",GADUS MACROCEPHALUS,United States,S,2019,0
2019FCP-0000024391-110,Imports - Importation,NS,"COD, PACIFIC",GADUS MACROCEPHALUS,China,S,2019,0
2019FCP-0000024391-111,Domestic - Domestique,NS,COD,Not Declared - Non déclarée,Canada,S,2019,0
2019FCP-0000024391-112,Domestic - Domestique,NS,HADDOCK,MELANOGRAMMUS AEGLEFINUS,Canada,S,2019,0
2019FCP-0000024391-113,Domestic - Domestique,NB,"CHAR, ARCTIC",SALVELINUS ALPINUS,Canada,S,2019,0
2019FCP-0000024391-114,Domestic - Domestique,NS,COD,Not Declared - Non déclarée,Canada,S,2019,0
2019FCP-0000024391-115,Domestic - Domestique,NS,HADDOCK,MELANOGRAMMUS AEGLEFINUS,Canada,S,2019,0
2019FCP-0000024391-116,Domestic - Domestique,NS,HADDOCK,MELANOGRAMMUS AEGLEFINUS,Canada,S,2019,0
2019FCP-0000024391-117,Domestic - Domestique,NS,HADDOCK,MELANOGRAMMUS AEGLEFINUS,Canada,S,2019,0
2019FCP-0000024391-118,Imports - Importation,NS,COD,Not Declared - Non déclarée,United States,S,2019,0
2019FCP-0000024391-119,Domestic - Domestique,NB,"STURGEON, ATLANTIC",ACIPENSER OXYRHYNCHUS,Canada,S,2019,0
2019FCP-0000024391-120,Domestic - Domestique,AB,"SALMON, ATLANTIC",SALMO SALAR,Canada,S,2019,0
2019FCP-0000024391-121,Imports - Importation,ON,SOLE,Not Declared - Non déclarée,China,S,2019,0
2019FCP-0000024391-122,Retail - Vente au détail,BC,DOVER SOLE,Not Declared - Non déclarée,Canada,S,2019,0
2019FCP-0000024391-123,Imports - Importation,NS,"SALMON, ATLANTIC",SALMO SALAR,Denmark,S,2019,0
2019FCP-0000024391-124,Imports - Importation,NS,"TUNA, YELLOWFIN",THUNNUS ALBACARES,Panama,S,2019,0
2019FCP-0000024391-125,Imports - Importation,BC,"HALIBUT, PACIFIC",HIPPOGLOSSUS STENOLEPSIS,United States,S,2019,0
2019FCP-0000024391-126,Imports - Importation,NS,COD,Not Declared - Non déclarée,China,S,2019,0
2019FCP-0000024391-127,Imports - Importation,BC,COD,Not Declared - Non déclarée,China,S,2019,0
2019FCP-0000024391-128,Domestic - Domestique,SK,ROCKFISH,SEBASTES SPP.,Canada,S,2019,0
2019FCP-0000024391-129,Domestic - Domestique,NS,HADDOCK,MELANOGRAMMUS AEGLEFINUS,Canada,S,2019,0
2019FCP-0000024391-130,Domestic - Domestique,NS,HADDOCK,MELANOGRAMMUS AEGLEFINUS,Canada,S,2019,0
2019FCP-0000024391-131,Imports - Importation,NS,"COD, PACIFIC",GADUS MACROCEPHALUS,United States,S,2019,0
2019FCP-0000024391-132,Imports - Importation,QC,MAHI-MAHI,CORYPHAENA,Panama,S,2019,0
2019FCP-0000024391-133,Imports - Importation,QC,"SALMON, ATLANTIC",SALMO SALAR,Chile,S,2019,0
2019FCP-0000024391-134,Imports - Importation,QC,"SALMON, ATLANTIC",SALMO SALAR,Chile,S,2019,0
2019FCP-0000024391-135,Imports - Importation,QC,AMBERJACK ,SERIOLA QUINQUERADIATA,Japan,S,2019,0
2019FCP-0000024391-136,Domestic - Domestique,NB,"COD, ATLANTIC",GADUS MORHUA,Canada,S,2019,0
2019FCP-0000024391-137,Domestic - Domestique,NB,"HALIBUT, ATLANTIC",HIPPOGLOSSUS HIPPOGLOSSUS,Canada,S,2019,0
2019FCP-0000024391-138,Imports - Importation,PE,"COD, ATLANTIC",GADUS MORHUA,Iceland,S,2019,0
2019FCP-0000024391-139,Domestic - Domestique,QC,"HALIBUT, PACIFIC ",Not Declared - Non déclarée,Canada,S,2019,0
2019FCP-0000024391-140,Imports - Importation,NS,"COD, PACIFIC",GADUS MACROCEPHALUS,United States,S,2019,0
2019FCP-0000024391-141,Domestic - Domestique,NS,"SALMON, ATLANTIC",SALMO SALAR,Canada,S,2019,0
2019FCP-0000024391-142,Imports - Importation,NS,COD,Not Declared - Non déclarée,China,S,2019,0
2019FCP-0000024391-143,Domestic - Domestique,NS,HADDOCK,MELANOGRAMMUS AEGLEFINUS,Canada,S,2019,0
2019FCP-0000024391-144,Domestic - Domestique,NS,POLLOCK,Not Declared - Non déclarée,Canada,S,2019,0
2019FCP-0000024391-145,Imports - Importation,NB,HADDOCK,MELANOGRAMMUS AEGLEFINUS,China,S,2019,0
2019FCP-0000024391-146,Imports - Importation,AB,"COD, PACIFIC",GADUS MACROCEPHALUS,China,S,2019,0
2019FCP-0000024391-147,Imports - Importation,BC,"COD, ATLANTIC",GADUS MORHUA,Portugal,S,2019,0
2019FCP-0000024391-148,Domestic - Domestique,SK,"SALMON, ATLANTIC",SALMO SALAR,Canada,S,2019,0
2019FCP-0000024391-149,Imports - Importation,SK,HALIBUT,Not Declared - Non déclarée,China,S,2019,0
2019FCP-0000024391-150,Imports - Importation,SK,"TUNA, YELLOWFIN",THUNNUS ALBACARES,Vietnam,S,2019,0
2019FCP-0000024391-151,Imports - Importation,NB,"COD, ATLANTIC",GADUS MORHUA,Norway,S,2019,0
2019FCP-0000024391-152,Imports - Importation,NB,SOLE,Not Declared - Non déclarée,China,S,2019,0
2019FCP-0000024391-153,Imports - Importation,NB,TUNA,Not Declared - Non déclarée,Vietnam,S,2019,0
2019FCP-0000024391-154,Domestic - Domestique,NB,HALIBUT,Not Declared - Non déclarée,Canada,S,2019,0
2019FCP-0000024391-155,Retail - Vente au détail,QC,SOLE,Not Declared - Non déclarée,Canada,S,2019,0
2019FCP-0000024391-156,Retail - Vente au détail,QC,"COD, PACIFIC",GADUS MACROCEPHALUS,Canada,S,2019,0
2019FCP-0000024391-157,Retail - Vente au détail,QC,"COD, PACIFIC",GADUS MACROCEPHALUS,Canada,S,2019,0
2019FCP-0000024391-158,Retail - Vente au détail,QC,SOLE,Not Declared - Non déclarée,Canada,S,2019,0
2019FCP-0000024391-159,Retail - Vente au détail,QC,"TUNA, YELLOWFIN",THUNNUS ALBACARES,Canada,S,2019,0
2019FCP-0000024391-160,Retail - Vente au détail,QC,COD,Not Declared - Non déclarée,Canada,S,2019,0
2019FCP-0000024391-161,Retail - Vente au détail,QC,"TUNA, YELLOWFIN",THUNNUS ALBACARES,Canada,S,2019,0
2019FCP-0000024391-162,Retail - Vente au détail,QC,"COD, PACIFIC",GADUS MACROCEPHALUS,Canada,S,2019,0
2019FCP-0000024391-163,Retail - Vente au détail,QC,"COD, PACIFIC",GADUS MACROCEPHALUS,Canada,S,2019,0
2019FCP-0000024391-164,Retail - Vente au détail,QC,"SOLE, PACIFIC DOVER",MICROSTOMUS PACIFICUS,Canada,S,2019,0
2019FCP-0000024391-165,Retail - Vente au détail,QC,"SOLE, PACIFIC DOVER",MICROSTOMUS PACIFICUS,Canada,S,2019,0
2019FCP-0000024391-166,Retail - Vente au détail,QC,"COD, PACIFIC",GADUS MACROCEPHALUS,Canada,S,2019,0
2019FCP-0000024391-167,Imports - Importation,NS,COD,Not Declared - Non déclarée,United States,S,2019,0
2019FCP-0000024391-168,Imports - Importation,NS,COD,Not Declared - Non déclarée,United States,S,2019,0
2019FCP-0000024391-169,Retail - Vente au détail,QC,"COD, PACIFIC",GADUS MACROCEPHALUS,Canada,S,2019,0
2019FCP-0000024391-170,Retail - Vente au détail,QC,"COD, PACIFIC",GADUS MACROCEPHALUS,Canada,S,2019,0
2019FCP-0000024391-171,Retail - Vente au détail,QC,"SOLE, FLATHEAD",HIPPOGLOSSOIDES ELASSODON,Canada,ND-AD,2019,0
2019FCP-0000024391-172,Retail - Vente au détail,QC,"COD, PACIFIC",GADUS MACROCEPHALUS,Canada,S,2019,0
2019FCP-0000024391-173,Retail - Vente au détail,QC,"COD, PACIFIC",GADUS MACROCEPHALUS,Canada,S,2019,0
2019FCP-0000024391-174,Retail - Vente au détail,QC,"FLOUNDER, YELLOWTAIL",LIMANDA FERRUGINEA,Canada,S,2019,0
2019FCP-0000024391-175,Imports - Importation,BC,"HALIBUT, PACIFIC",HIPPOGLOSSUS STENOLEPSIS,United States,S,2019,0
2019FCP-0000024391-176,Retail - Vente au détail,NB,HADDOCK,MELANOGRAMMUS AEGLEFINUS,Canada,S,2019,0
2019FCP-0000024391-177,Retail - Vente au détail,Qc,"SOLE, FLATHEAD",HIPPOGLOSSOIDES ELASSODON,Canada,S,2019,0
2019FCP-0000024391-178,Retail - Vente au détail,QC,"COD, ATLANTIC",GADUS MORHUA,Canada,S,2019,0
2019FCP-0000024391-179,Retail - Vente au détail,QC,"COD, PACIFIC",GADUS MACROCEPHALUS,Canada,S,2019,0
2019FCP-0000024391-180,Retail - Vente au détail,QC,"COD, PACIFIC",GADUS MACROCEPHALUS,Canada,S,2019,0
2019FCP-0000024391-181,Retail - Vente au détail,NL,COD,Not Declared - Non déclarée,Canada,S,2019,0
2019FCP-0000024391-182,Retail - Vente au détail,NL,COD,Not Declared - Non déclarée,Canada,S,2019,0
2019FCP-0000024391-183,Retail - Vente au détail,NL,HADDOCK,Not Declared - Non déclarée,Canada,S,2019,0
2019FCP-0000024391-184,Retail - Vente au détail,NL,"TUNA, YELLOWFIN",Not Declared - Non déclarée,Canada,S,2019,0
2019FCP-0000024391-185,Retail - Vente au détail,NS,"COD, ATLANTIC",Not Declared - Non déclarée,Canada,U-I,2019,1
2019FCP-0000024391-186,Retail - Vente au détail,NS,HADDOCK,MELANOGRAMMUS AEGLEFINUS,Canada,S,2019,0
2019FCP-0000024391-187,Retail - Vente au détail,BC,HALIBUT,Not Declared - Non déclarée,Canada,S,2019,0
2019FCP-0000024391-188,Retail - Vente au détail,ON,"COD, PACIFIC",Not Declared - Non déclarée,China,S,2019,0
2019FCP-0000024391-189,Retail - Vente au détail,BC,HALIBUT,Not Declared - Non déclarée,Canada,S,2019,0
2019FCP-0000024391-190,Retail - Vente au détail,MB,COD,Not Declared - Non déclarée,Iceland,S,2019,0
2019FCP-0000024391-191,Retail - Vente au détail,NS,HADDOCK,Not Declared - Non déclarée,Canada,S,2019,0
2019FCP-0000024391-192,Retail - Vente au détail,BC,COD,Not Declared - Non déclarée,Canada,S,2019,0
2019FCP-0000024391-193,Retail - Vente au détail,BC,HALIBUT,Not Declared - Non déclarée,Canada,S,2019,0
2019FCP-0000024391-194,Retail - Vente au détail,BC,ROCKFISH,Not Declared - Non déclarée,Canada,S,2019,0
2019FCP-0000024391-195,Retail - Vente au détail,BC,SABLEFISH (BLACK COD),Not Declared - Non déclarée,Canada,S,2019,0
2019FCP-0000024391-196,Retail - Vente au détail,BC,"SNAPPER, RED",Not Declared - Non déclarée,Canada,U-I,2019,1
2019FCP-0000024391-197,Retail - Vente au détail,BC,SALMON,Not Declared - Non déclarée,Canada,S,2019,0
2019FCP-0000024391-198,Retail - Vente au détail,BC,"BASS, SEA",Not Declared - Non déclarée,Canada,U-I,2019,1
2019FCP-0000024391-199,Retail - Vente au détail,BC,POLLOCK,Not Declared - Non déclarée,Canada,S,2019,0
2019FCP-0000024391-200,Retail - Vente au détail,BC,COD,Not Declared - Non déclarée,Canada,S,2019,0
2019FCP-0000024391-201,Retail - Vente au détail,BC,SOLE,Not Declared - Non déclarée,Canada,S,2019,0
2019FCP-0000024391-202,Retail - Vente au détail,BC,SOLE,Not Declared - Non déclarée,Canada,S,2019,0
2019FCP-0000024391-203,Retail - Vente au détail,BC,SABLEFISH (BLACK COD),Not Declared - Non déclarée,Canada,S,2019,0
2019FCP-0000024391-204,Retail - Vente au détail,BC,SABLEFISH (BLACK COD),Not Declared - Non déclarée,Canada,S,2019,0
2019FCP-0000024391-205,Imports - Importation,NB,ASIAN SEABASS,LATEOLABRAX JAPONICUS,China,S,2019,0
2019FCP-0000024391-206,Retail - Vente au détail,BC,ROCKFISH,Not Declared - Non déclarée,Canada,S,2019,0
2019FCP-0000024391-207,Retail - Vente au détail,BC,SALMON,Not Declared - Non déclarée,Canada,S,2019,0
2019FCP-0000024391-208,Retail - Vente au détail,BC,HALIBUT,Not Declared - Non déclarée,Canada,S,2019,0
2019FCP-0000024391-209,Retail - Vente au détail,BC,SNAPPER,LUTJANIDAE,Canada,S,2019,0
2019FCP-0000024391-210,Retail - Vente au détail,BC,SABLEFISH (BLACK COD),ANOPLOPOMA FIMBRIA,Canada,S,2019,0
2019FCP-0000024391-211,Retail - Vente au détail,BC,"COD, ATLANTIC",GADUS MORHUA,Canada,S,2019,0
2019FCP-0000024391-212,Retail - Vente au détail,BC,SNAPPER,LUTJANIDAE,Canada,S,2019,0
2019FCP-0000024391-213,Retail - Vente au détail,BC,KINGFISH,SCOMBEROMORUS CAVALLA,Canada,U-I,2019,1
2019FCP-0000024391-214,Retail - Vente au détail,BC,MILKFISH,CHANOS CHANOS,Canada,S,2019,0
2019FCP-0000024391-215,Domestic - Domestique,NS,HADDOCK,MELANOGRAMMUS AEGLEFINUS,Canada,S,2019,0
2019FCP-0000024391-216,Imports - Importation,BC,"COD, PACIFIC",GADUS MACROCEPHALUS,United States,S,2019,0
2019FCP-0000024391-217,Imports - Importation,ON,COD,Not Declared - Non déclarée,Norway,S,2019,0
2019FCP-0000024391-218,Imports - Importation,ON,"SNAPPER, RED",LUTJANUS CAMPECHANUS,Guyana,S,2019,0
2019FCP-0000024391-219,Imports - Importation,ON,"SNAPPER, LANE",LUTJANUS SYNAGRIS,Guyana,S,2019,0
2019FCP-0000024391-220,Imports - Importation,ON,KINGFISH,SCOMBEROMORUS CAVALLA,Guyana,S,2019,0
2019FCP-0000024391-221,Imports - Importation,AB,TILAPIA,Not Declared - Non déclarée,Indonesia,S,2019,0
2019FCP-0000024391-222,Retail - Vente au détail,MB,COD,Not Declared - Non déclarée,Iceland,S,2019,0
2019FCP-0000024391-223,Domestic - Domestique,NB,"COD, PACIFIC",GADUS MACROCEPHALUS,Canada,S,2019,0
2019FCP-0000024391-224,Retail - Vente au détail,ON,"HALIBUT, PACIFIC",HIPPOGLOSSUS STENOLEPSIS,Canada,U-I,2019,1
2019FCP-0000024391-225,Domestic - Domestique,NB,COD,GADUS MORHUA,Canada,S,2019,0
2019FCP-0000024391-226,Domestic - Domestique,NB,COD,Not Declared - Non déclarée,Canada,S,2019,0
2019FCP-0000024391-227,Retail - Vente au détail,ON,COD,Not Declared - Non déclarée,Canada,S,2019,0
2019FCP-0000024391-228,Retail - Vente au détail,ON,COD,Not Declared - Non déclarée,Canada,S,2019,0
2019FCP-0000024391-229,Retail - Vente au détail,ON,"COD, ATLANTIC",GADUS MORHUA,Canada,U-I,2019,1
2019FCP-0000024391-230,Retail - Vente au détail,ON,"COD, ATLANTIC",GADUS MORHUA,Canada,S,2019,0
2019FCP-0000024391-231,Domestic - Domestique,AB,"TUNA, YELLOWFIN",THUNNUS ALBACARES,Canada,S,2019,0
2019FCP-0000024391-232,Domestic - Domestique,AB,"COD, ATLANTIC",GADUS MORHUA,Canada,S,2019,0
2019FCP-0000024391-233,Retail - Vente au détail,NB,HADDOCK,MELANOGRAMMUS AEGLEFINUS,Canada,S,2019,0
2019FCP-0000024391-234,Imports - Importation,ON,"COD, ATLANTIC",GADUS MORHUA,Norway,S,2019,0
2019FCP-0000024391-235,Imports - Importation,ON,"MACKEREL, NARROW-BARRED SPANISH",SCOMBEROMORUS COMMERSON,Indonesia,U-I,2019,1
2019FCP-0000024391-236,Domestic - Domestique,MB,"SALMON, PINK",ONCORHYNCHUS GORBUSCHA,Canada,S,2019,0
2019FCP-0000024391-237,Domestic - Domestique,MB,"TUNA, YELLOWFIN",THUNNUS ALBACARES,Canada,S,2019,0
2019FCP-0000024391-238,Imports - Importation,ON,"TUNA, ALBACORE",THUNNUS ALALUNGA/THUNNUS GERMO,Indonesia,S,2019,0
2019FCP-0000024391-239,Imports - Importation,ON,"BASS, SEA",DICENTRARCHUS LABRAX,United Kingdom,U-I,2019,1
2019FCP-0000024391-240,Imports - Importation,ON,SOLE,Not Declared - Non déclarée,China,U-I,2019,1
2019FCP-0000024391-241,Imports - Importation,ON,"HALIBUT, PACIFIC",HIPPOGLOSSUS STENOLEPSIS,China,S,2019,0
2019FCP-0000024391-242,Imports - Importation,ON,"COD, ATLANTIC",GADUS MORHUA,Russian Federation,S,2019,0
2019FCP-0000024391-243,Retail - Vente au détail,ON,"COD, PACIFIC",GADUS MACROCEPHALUS,Iceland,U-I,2019,1
2019FCP-0000024391-244,Imports - Importation,ON,"SOLE, FLATHEAD",HIPPOGLOSSOIDES ELASSODON,Taiwan,S,2019,0
2019FCP-0000024391-245,Imports - Importation,QC,"SALMON, ATLANTIC",SALMO SALAR,Chile,S,2019,0
2019FCP-0000024391-246,Retail - Vente au détail,ON,KINGFISH,SCOMBEROMORUS CAVALLA,Taiwan,U-I,2019,1
2019FCP-0000024391-247,Imports - Importation,ON,"COD, PACIFIC",GADUS MACROCEPHALUS,China,S,2019,0
2019FCP-0000024391-248,Retail - Vente au détail,ON,SOLE,Not Declared - Non déclarée,United States,S,2019,0
2019FCP-0000024391-249,Retail - Vente au détail,ON,COD,Not Declared - Non déclarée,Canada,S,2019,0
2019FCP-0000024391-250,Retail - Vente au détail,ON,"BASS, SEA",DICENTRARCHUS LABRAX,Canada,U-I,2019,1
2019FCP-0000024391-251,Imports - Importation,ON,WAHOO /ONO,ACANTHOCYBIUM SOLAND,Taiwan,S,2019,0
2019FCP-0000024391-252,Imports - Importation,NB,HADDOCK,MELANOGRAMMUS AEGLEFINUS,China,S,2019,0
2019FCP-0000024391-253,Imports - Importation,NB,HADDOCK,MELANOGRAMMUS AEGLEFINUS,China,S,2019,0
2019FCP-0000024391-254,Imports - Importation,NB,BASA,PANGASIUS HYPOPHTHALMUS,Vietnam,S,2019,0
2019FCP-0000024391-255,Domestic - Domestique,NS,"TROUT, RAINBOW",ONCORHYNCHUS MYKISS,Canada,S,2019,0
2019FCP-0000024391-256,Imports - Importation,ON,SOLE,Not Declared - Non déclarée,China,S,2019,0
2019FCP-0000024391-257,Imports - Importation,ON,SOLE,Not Declared - Non déclarée,China,S,2019,0
2019FCP-0000024391-258,Imports - Importation,ON,COD,Not Declared - Non déclarée,China,S,2019,0
2019FCP-0000024391-259,Imports - Importation,ON,COD,Not Declared - Non déclarée,China,S,2019,0
2019FCP-0000024391-260,Retail - Vente au détail,ON,HALIBUT,Not Declared - Non déclarée,Canada,S,2019,0
2019FCP-0000024391-261,Imports - Importation,ON,WAHOO /ONO,ACANTHOCYBIUM SOLAND,Taiwan,S,2019,0
2019FCP-0000024391-262,Domestic - Domestique,NS,HADDOCK,MELANOGRAMMUS AEGLEFINUS,Canada,S,2019,0
2019FCP-0000024391-263,Retail - Vente au détail,NB,HADDOCK,MELANOGRAMMUS AEGLEFINUS,Canada,S,2019,0
2019FCP-0000024391-264,Retail - Vente au détail,NB,HADDOCK,MELANOGRAMMUS AEGLEFINUS,Canada,S,2019,0
2019FCP-0000024391-265,Retail - Vente au détail,NB,HADDOCK,MELANOGRAMMUS AEGLEFINUS,Canada,S,2019,0
2019FCP-0000024391-266,Retail - Vente au détail,NB,HADDOCK,MELANOGRAMMUS AEGLEFINUS,Canada,S,2019,0
2019FCP-0000024391-267,Retail - Vente au détail,NB,HADDOCK,MELANOGRAMMUS AEGLEFINUS,Canada,S,2019,0
2019FCP-0000024391-268,Imports - Importation,ON,ASIAN SEABASS,LATEOLABRAX JAPONICUS,Taïwan,S,2019,0
2019FCP-0000024391-269,Domestic - Domestique,MB,ROCKFISH,SEBASTES SPP.,Canada,S,2019,0
2019FCP-0000024391-270,Imports - Importation,ON,COD,Not Declared - Non déclarée,Republic of Korea,S,2019,0
2019FCP-0000024391-271,Retail - Vente au détail,NB,SOLE,Not Declared - Non déclarée,China,S,2019,0
2019FCP-0000024391-272,Retail - Vente au détail,NB,SNAPPER,Not Declared - Non déclarée,Vietnam,S,2019,0
2019FCP-0000024391-273,Retail - Vente au détail,SK,ROCKFISH,Not Declared - Non déclarée,Canada,S,2019,0
2019FCP-0000024391-274,Retail - Vente au détail,SK,"SNAPPER, RED",LUTJANUS CAMPECHANUS,Indonesia,U-I,2019,1
2019FCP-0000024391-275,Imports - Importation,AB,"COD, ATLANTIC",GADUS MORHUA,Iceland,S,2019,0
2019FCP-0000024391-276,Imports - Importation,AB,HALIBUT ,HIPPOGLOSSUS HIPPOGLOSSUS,Iceland,S,2019,0
2019FCP-0000024391-277,Imports - Importation,ON,"COD, ATLANTIC",GADUS MORHUA,China,S,2019,0
2019FCP-0000024391-278,Imports - Importation,ON,"COD, ATLANTIC",GADUS MORHUA,China,S,2019,0
2019FCP-0000024391-279,Imports - Importation,ON,"COD, ATLANTIC",GADUS MORHUA,China,S,2019,0
2019FCP-0000024391-280,Imports - Importation,ON,"COD, ATLANTIC",GADUS MORHUA,China,S,2019,0
2019FCP-0000024391-281,Imports - Importation,ON,"COD, ATLANTIC",GADUS MORHUA,China,S,2019,0
2019FCP-0000024391-282,Imports - Importation,ON,"COD, ATLANTIC",GADUS MORHUA,China,S,2019,0
2019FCP-0000024391-283,Imports - Importation,ON,"COD, ATLANTIC",GADUS MORHUA,China,S,2019,0
2019FCP-0000024391-284,Imports - Importation,ON,"COD, ATLANTIC",GADUS MORHUA,China,S,2019,0
2019FCP-0000024391-285,Imports - Importation,ON,"COD, ATLANTIC",GADUS MORHUA,China,S,2019,0
2019FCP-0000024391-286,Domestic - Domestique,BC,"SOLE, PACIFIC DOVER",MICROSTOMUS PACIFICUS,Canada,S,2019,0
2019FCP-0000024391-287,Imports - Importation,ON,"HALIBUT, ATLANTIC",HIPPOGLOSSUS HIPPOGLOSSUS,Norway,S,2019,0
2019FCP-0000024391-288,Imports - Importation,ON,"BASS, SEA",DICENTRARCHUS LABRAX,Turkey,ND-AD,2019,0
2019FCP-0000024391-289,Imports - Importation,ON,"COD, ATLANTIC",GADUS MORHUA,Iceland,S,2019,0
2019FCP-0000024391-290,Imports - Importation,ON,"SOLE, FLATHEAD",HIPPOGLOSSOIDES ELASSODON,China,S,2019,0
2019FCP-0000024391-291,Retail - Vente au détail,NB,"COD, PACIFIC",GADUS MACROCEPHALUS,United States,S,2019,0
2019FCP-0000024391-292,Domestic - Domestique,ON,"COD, ATLANTIC",GADUS MORHUA,Canada,S,2019,0
2019FCP-0000024391-293,Imports - Importation,ON,SNAPPER,LUTJANIDAE,Costa Rica,S,2019,0
2019FCP-0000024391-294,Domestic - Domestique,ON,"COD, ATLANTIC",GADUS MORHUA,Canada,S,2019,0
2019FCP-0000024391-295,Imports - Importation,ON,"TOOTHFISH, PATAGONIAN",DISSOSTICHUS ELEGINOIDES,Greece,S,2019,0
2019FCP-0000024391-296,Imports - Importation,ON,"COD, ATLANTIC",GADUS MORHUA,Iceland,S,2019,0
2019FCP-0000024391-297,Imports - Importation,ON,"TUNA, YELLOWFIN",THUNNUS ALBACARES,Marshall Islands,S,2019,0
2019FCP-0000024391-298,Imports - Importation,ON,AMBERJACK,SERIOLA QUINQUERADIATA,Japan,S,2019,0
2019FCP-0000024391-299,Imports - Importation,ON,"TUNA, BIGEYE",THUNNUS OBESUS,Japan,S,2019,0
2019FCP-0000024391-300,Domestic - Domestique,NB,COD,Not Declared - Non déclarée,Canada,U-I,2019,1
2019FCP-0000024391-301,Imports - Importation,ON,"BASS, SEA",DICENTRARCHUS LABRAX,Turkey,ND-AD,2019,0
2019FCP-0000024391-302,Retail - Vente au détail,ON,COD,Not Declared - Non déclarée,Iceland,S,2019,0
2019FCP-0000024391-303,Imports - Importation,ON,TUNA,Not Declared - Non déclarée,Philippines,S,2019,0
2019FCP-0000024391-304,Imports - Importation,ON,"TOOTHFISH, PATAGONIAN",DISSOSTICHUS ELEGINOIDES,United Kingdom,U-I,2019,1
2019FCP-0000024391-305,Imports - Importation,ON,COD,Not Declared - Non déclarée,Netherlands,S,2019,0
2019FCP-0000024391-306,Imports - Importation,AB,"MACKEREL, NARROW-BARRED SPANISH",SCOMBEROMORUS COMMERSON,Vietnam,U-I,2019,1
2019FCP-0000024391-307,Imports - Importation,ON,"SALMON, SOCKEYE",ONCORHYNCHUS NERKA,United States,S,2019,0
2019FCP-0000024391-308,Domestic - Domestique,ON,"SALMON, ATLANTIC",SALMO SALAR,Canada,S,2019,0
2019FCP-0000024391-309,Domestic - Domestique,ON,"PICKEREL, YELLOW (WALLEYE)",SANDER VITREUS,Canada,S,2019,0
2019FCP-0000024391-310,Imports - Importation,ON,"BASS, SEA",DICENTRARCHUS LABRAX,Turkey,ND-AD,2019,0
2019FCP-0000024391-311,Imports - Importation,AB,COD,Not Declared - Non déclarée,Iceland,S,2019,0
2019FCP-0000024391-312,Imports - Importation,AB,SABLEFISH (BLACK COD),ANOPLOPOMA FIMBRIA,United States,S,2019,0
2019FCP-0000024391-313,Imports - Importation,AB,"COD, ATLANTIC",GADUS MORHUA,Iceland,S,2019,0
2019FCP-0000024391-314,Imports - Importation,ON,KINGFISH,SCOMBEROMORUS CAVALLA,Taiwan,U-I,2019,1
2019FCP-0000024391-315,Domestic - Domestique,NS,POLLOCK,POLLACHIUS POLLACHIUS,Canada,S,2019,0
2019FCP-0000024391-316,Domestic - Domestique,ON,"PICKEREL, YELLOW (WALLEYE)",SANDER VITREUS,Canada,S,2019,0
2019FCP-0000024391-317,Domestic - Domestique,ON,"PERCH, YELLOW",PERCA FLAVESCENS,Canada,S,2019,0
2019FCP-0000024391-318,Imports - Importation,NS,HADDOCK,MELANOGRAMMUS AEGLEFINUS,China,S,2019,0
2019FCP-0000024391-319,Domestic - Domestique,NS,HADDOCK,MELANOGRAMMUS AEGLEFINUS,Canada,S,2019,0
2019FCP-0000024391-320,Imports - Importation,ON,"TUNA, BIGEYE",THUNNUS OBESUS,Portugal,S,2019,0
2019FCP-0000024391-321,Imports - Importation,BC,SABLEFISH (BLACK COD),ANOPLOPOMA FIMBRIA,United States,S,2019,0
2019FCP-0000024391-322,Imports - Importation,BC,"COD, PACIFIC",GADUS MACROCEPHALUS,United States,S,2019,0
2019FCP-0000024391-323,Imports - Importation,BC,"HALIBUT, PACIFIC",HIPPOGLOSSUS STENOLEPSIS,China,S,2019,0
2019FCP-0000024391-324,Domestic - Domestique,NS,COD,GADUS MORHUA,Canada,S,2019,0
2019FCP-0000024391-325,Domestic - Domestique,NS,COD,Not Declared - Non déclarée,Canada,U-I,2019,1
2019FCP-0000024391-326,Imports - Importation,NS,"COD, PACIFIC",GADUS MACROCEPHALUS,United States,S,2019,0
2019FCP-0000024391-327,Imports - Importation,BC,"SALMON, ATLANTIC",SALMO SALAR,Chile,S,2019,0
2019FCP-0000024391-328,Domestic - Domestique,NS,HADDOCK,MELANOGRAMMUS AEGLEFINUS,Canada,S,2019,0
2019FCP-0000024391-329,Domestic - Domestique,NS,"HAKE, RED",UROPHYCIS CHUSS,Canada,S,2019,0
2019FCP-0000024391-330,Domestic - Domestique,NS,"HAKE, SILVER",MERLUCCIUS BILINEARIS,Canada,S,2019,0
2019FCP-0000024391-331,Domestic - Domestique,NS,HADDOCK,MELANOGRAMMUS AEGLEFINUS,Canada,S,2019,0
2019FCP-0000024391-332,Imports - Importation,BC,"SALMON, CHINOOK",ONCORHYNCHUS TSHAWYTSCHA,New Zealand,S,2019,0
2019FCP-0000024391-333,Imports - Importation,ON,"COD, ATLANTIC",GADUS MORHUA,Iceland,S,2019,0
2019FCP-0000024391-334,Imports - Importation,ON,"COD, ATLANTIC",GADUS MORHUA,Iceland,S,2019,0
2019FCP-0000024391-335,Retail - Vente au détail,QC,"FLOUNDER, YELLOWTAIL",LIMANDA FERRUGINEA,Canada,S,2019,0
2019FCP-0000024391-336,Retail - Vente au détail,QC,"HALIBUT, ATLANTIC",HIPPOGLOSSUS HIPPOGLOSSUS,Canada,S,2019,0
2019FCP-0000024391-337,Retail - Vente au détail,QC,"HALIBUT, ATLANTIC",HIPPOGLOSSUS HIPPOGLOSSUS,Canada,S,2019,0
2019FCP-0000024391-338,Retail - Vente au détail,QC,"COD, ATLANTIC",GADUS MORHUA,Canada,S,2019,0
2019FCP-0000024391-339,Retail - Vente au détail,QC,SOLE,Not Declared - Non déclarée,Canada,S,2019,0
2019FCP-0000024391-340,Retail - Vente au détail,QC,"SOLE, FLATHEAD",HIPPOGLOSSOIDES ELASSODON,United States,S,2019,0
2019FCP-0000024391-341,Retail - Vente au détail,QC,"COD, PACIFIC",GADUS MACROCEPHALUS,Canada,S,2019,0
2019FCP-0000024391-342,Retail - Vente au détail,QC,"COD, PACIFIC",GADUS MACROCEPHALUS,Canada,S,2019,0
2019FCP-0000024391-343,Retail - Vente au détail,QC,"COD, ATLANTIC",GADUS MORHUA,Iceland,S,2019,0
2019FCP-0000024391-344,Retail - Vente au détail,QC,"COD, PACIFIC",GADUS MACROCEPHALUS,United States,S,2019,0
2019FCP-0000024391-345,Retail - Vente au détail,QC,"COD, ATLANTIC",GADUS MORHUA,Canada,S,2019,0
2019FCP-0000024391-346,Retail - Vente au détail,QC,"COD, PACIFIC",GADUS MACROCEPHALUS,Canada,S,2019,0
2019FCP-0000024391-347,Retail - Vente au détail,QC,"HALIBUT, ATLANTIC",HIPPOGLOSSUS HIPPOGLOSSUS,Canada,S,2019,0
2019FCP-0000024391-348,Retail - Vente au détail,QC,"COD, PACIFIC",GADUS MACROCEPHALUS,Canada,S,2019,0
2019FCP-0000024391-349,Retail - Vente au détail,QC,"TUNA, PACIFIC BLUEFIN",THUNNUS ORIENTALIS,Canada,S,2019,0
2019FCP-0000024391-350,Retail - Vente au détail,QC,"COD, PACIFIC",GADUS MACROCEPHALUS,Canada,S,2019,0
2019FCP-0000024391-351,Retail - Vente au détail,QC,"FLOUNDER, WITCH",GLYPTOCEPHALUS CYNOGLOSSUS,Canada,U-I,2019,1
2019FCP-0000024391-352,Retail - Vente au détail,QC,"COD, ATLANTIC",GADUS MORHUA,Canada,S,2019,0
2019FCP-0000024391-353,Retail - Vente au détail,QC,"COD, PACIFIC",GADUS MACROCEPHALUS,Canada,S,2019,0
2019FCP-0000024391-354,Retail - Vente au détail,QC,"TUNA, YELLOWFIN",THUNNUS ALBACARES,Sri Lanka,S,2019,0
2019FCP-0000024391-355,Retail - Vente au détail,QC,"COD, PACIFIC",GADUS MACROCEPHALUS,Canada,S,2019,0
2019FCP-0000024391-356,Retail - Vente au détail,QC,"SALMON, ATLANTIC",SALMO SALAR,Canada,S,2019,0
2019FCP-0000024391-357,Retail - Vente au détail,QC,HADDOCK,MELANOGRAMMUS AEGLEFINUS,Canada,S,2019,0
2019FCP-0000024391-358,Retail - Vente au détail,QC,"HALIBUT, ATLANTIC",HIPPOGLOSSUS HIPPOGLOSSUS,Canada,S,2019,0
2019FCP-0000024391-359,Retail - Vente au détail,QC,"COD, ATLANTIC",GADUS MORHUA,Canada,U-I,2019,1
2019FCP-0000024391-360,Retail - Vente au détail,QC,"COD, PACIFIC",GADUS MACROCEPHALUS,Canada,S,2019,0
2019FCP-0000024391-361,Retail - Vente au détail,QC,"COD, PACIFIC",GADUS MACROCEPHALUS,Canada,S,2019,0
2019FCP-0000024391-362,Retail - Vente au détail,QC,"COD, PACIFIC",GADUS MACROCEPHALUS,Canada,S,2019,0
2019FCP-0000024391-363,Retail - Vente au détail,QC,SOLE,Not Declared - Non déclarée,Canada,S,2019,0
2019FCP-0000024391-364,Retail - Vente au détail,QC,"BASS, SEA",DICENTRARCHUS LABRAX,Greece,ND-AD,2019,0
2019FCP-0000024391-365,Retail - Vente au détail,QC,"FLOUNDER, YELLOWTAIL",LIMANDA FERRUGINEA,China,S,2019,0
